{
	"class_name" : "PinholeCameraParameters",
	"extrinsic" : 
	[
		0.63324286009114261,
		0.28802523892241283,
		-0.71836268130191516,
		0.0,
		0.025581512809070832,
		-0.93545547219229275,
		-0.35251758218263984,
		0.0,
		-0.77353026207511044,
		0.20485243784046586,
		-0.59973862003778711,
		0.0,
		-0.00071830691588439907,
		0.0002256156068420468,
		0.00068455682085740094,
		1.0
	],
	"intrinsic" : 
	{
		"height" : 1025,
		"intrinsic_matrix" : 
		[
			887.67603887904966,
			0.0,
			0.0,
			0.0,
			887.67603887904966,
			0.0,
			926.0,
			512.0,
			1.0
		],
		"width" : 1853
	},
	"version_major" : 1,
	"version_minor" : 0
}