{
	"class_name" : "PinholeCameraParameters",
	"extrinsic" : 
	[
		0.6834601418688655,
		0.36914300593286131,
		-0.62977430532488532,
		0.0,
		-0.14362991488872631,
		-0.77785282570991054,
		-0.61181323055665027,
		0.0,
		-0.71571829795363462,
		0.5086043872264171,
		-0.47861142408888779,
		0.0,
		-0.00065799051402425362,
		0.00037522126882904384,
		0.0008559942271619853,
		1.0
	],
	"intrinsic" : 
	{
		"height" : 1025,
		"intrinsic_matrix" : 
		[
			887.67603887904966,
			0.0,
			0.0,
			0.0,
			887.67603887904966,
			0.0,
			926.0,
			512.0,
			1.0
		],
		"width" : 1853
	},
	"version_major" : 1,
	"version_minor" : 0
}